{
  "kind": "stargate-namespace",
  "action": "update",
  "spec": {
    "id": "8c16c59d-57e3-414d-b4c1-829af57861a2",
    "namespace": "clin.mbm",
    "sloEmail": "CLINICAL_STARGATE_ADMIN_DL@ds.uhc.com",
    "teamEmailDL": "PAAN_SSMO_DL@ds.uhc.com",
    "askId": "UHGWM110-020588",
    "adGroup": "CLINICAL_STARGATE_API_ADMIN",
    "nonProdAdGroup": "CLINICAL_STARGATE_API_NONPRD"
  },
  "metadata": {
    "tags": [
      "This Namespace is for Clinical MBM, hosted services",
      "For non prod self-service of API's to host, please request access to Windows group: CLINICAL_STARGATE_API_NONPRD",
      "test from intelliJ"
    ],
    "override": {
      "autoMerge": true
    }
  }
}