{
  "kind": "stargate-team",
  "spec": {
    "id": "0cb38321-39ce-46ad-af27-41599f3a501a",
    "credentials": [
      {
        "env": "prod",
        "oauthClientId": "contactSLOForCredentials",
        "oauthClientSecret": "contactSLOForCredentials",
        "jwtKey": "contactSLOForCredentials",
        "jwtSecret": "contactSLOForCredentials"
      },
      {
        "env": "nonprod",
        "oauthClientId": "contactSLOForCredentials",
        "oauthClientSecret": "contactSLOForCredentials",
        "jwtKey": "contactSLOForCredentials",
        "jwtSecret": "contactSLOForCredentials"
      }
    ]
  },
  "metadata": {
    "namespace": "stargate.cmc.api"
  }
}