{
  "kind": "stargate-namespace",
  "action": "create",
  "spec": {
    "id": "067e82d1-7d65-4725-a8a4-11ec5cdc229c",
    "namespace": "clin.cdid",
    "sloEmail": "CLINICAL_STARGATE_ADMIN_DL@ds.uhc.com",
    "teamEmailDL": "icue_OM_DL@ds.uhc.com",
    "askId": "UHGWM110-002971",
    "adGroup": "CLINICAL_STARGATE_API_ADMIN",
    "nonProdAdGroup": "CLINICAL_STARGATE_API_NONPRD"
  },
  "metadata": {
    "tags": [
      "This Namespace is for Clinical CDID, hosted services",
      "For non prod self-service of API's to host, please request access to Windows group: CLINICAL_STARGATE_API_NONPRD",
      "create pull from intelliJ, new"
    ],
    "override": {
      "autoMerge": true
    }
  }
}