{
  "kind": "stargate-namespace",
  "action": "create",
  "spec": {
    "id": "d24ac267-dd76-42c6-80e3-6fd051a47a90",
    "namespace": "clinicalprofile.ocm",
    "sloEmail": "sujala_vummadi@optum.com",
    "teamEmailDL": "Clinical_Profile_OM_DL@ds.uhc.com",
    "askId": "UHGWM110-018964",
    "adGroup": "SOCC_CP"
  },
  "metadata": {
    "tags": [
      "clinicalprofile-mnr",
      "clinicalprofile-ocm",
      "cp-panel-view",
      "cp-dashboard",
      "ocm"
    ],
    "override": {
      "autoMerge": true
    }
  }
}