{
  "kind": "stargate-namespace",
  "action": "create",
  "spec": {
    "id": "df73eab5-20fe-4077-8ebd-79566c82b9f1",
    "namespace": "clin.ecs",
    "sloEmail": "CLINICAL_STARGATE_ADMIN_DL@ds.uhc.com",
    "teamEmailDL": "PAAN_SSMO_DL@ds.uhc.com",
    "askId": "UHGWM110-024248",
    "adGroup": "CLINICAL_STARGATE_API_ADMIN",
    "nonProdAdGroup": "CLINICAL_STARGATE_API_NONPRD"
  },
  "metadata": {
    "tags": [
      "This Namespace is for Clinical ECS, Enterprise Clinical Solutions  - OCM , hosted services",
      "For non prod self-service of API's to host, please request access to Windows group: CLINICAL_STARGATE_API_NONPRD"
    ],
    "override": {
      "autoMerge": true
    }
  }
}