{
  "kind": "stargate-team",
  "spec": {
    "id": "df73eab5-20fe-4077-8ebd-79566c82b9f1",
    "credentials": [
      {
        "env": "prod",
        "oauthClientId": "contactSLOForCredentials",
        "oauthClientSecret": "contactSLOForCredentials",
        "jwtKey": "contactSLOForCredentials",
        "jwtSecret": "contactSLOForCredentials"
      },
      {
        "env": "nonprod",
        "oauthClientId": "contactSLOForCredentials",
        "oauthClientSecret": "contactSLOForCredentials",
        "jwtKey": "contactSLOForCredentials",
        "jwtSecret": "contactSLOForCredentials"
      }
    ]
  },
  "metadata": {
    "namespace": "clin.ecs"
  }
}