{
  "kind": "stargate-namespace",
  "action": "create",
  "spec": {
    "id": "bc72adb9-312f-404f-86d4-821d00dde485",
    "namespace": "clin.obraf",
    "sloEmail": "CLINICAL_STARGATE_ADMIN_DL@ds.uhc.com",
    "teamEmailDL": "PAAN_SSMO_DL@ds.uhc.com",
    "askId": "UHGWM110-023286",
    "adGroup": "CLINICAL_STARGATE_API_ADMIN",
    "nonProdAdGroup": "CLINICAL_STARGATE_API_NONPRD"
  },
  "metadata": {
    "tags": [
      "This Namespace is for Clinical OBRAF, hosted services",
      "For non prod self-service of API's to host, please request access to Windows group: CLINICAL_STARGATE_API_NONPRD"
    ],
    "override": {
      "autoMerge": true
    }
  }
}