{
  "kind": "stargate-namespace",
  "action": "create",
  "spec": {
    "namespace": "ara.pi.api",
    "sloEmail": "nehal_s_gujrathi@optum.com",
    "teamEmailDL": "PI_DE_API_DL@ds.uhc.com",
    "askId": "UHGWM110-016764",
    "adGroup": "ARA_PI_OGA_API_Team"
  },
  "metadata": {
    "tags": [
      "payment integrity namespace"     
    ],
    "resendCredsToSlo": true,
    "rotateNonProdOauth2Credentials": true,
    "rotateNonProdJwtCredentials": true,
    "rotateProdOauth2Credentials": true,
    "rotateProdJwtCredentials": true
  }
}
