{
  "kind": "stargate-proxy",
  "action": "create",
  "spec": {
    "name": "ara.nonprod.api",
    "url": "http://apvrp20338.uhc.com:3051/GetApplicationInfo",
    "proxyUrl": "",
    "auth": {
	"type": "oauth2", 
	"grant": "client_credentials"
	},
    "connectTimeout": 2000,
    "readTimeout": 9000,
    "writeTimeout": 9000,
    "mtlsUpstreamRouting": false,
    "authorizedConsumers": []
  },
  "metadata": {
    "namespace": "ara.pi.api",
    "proxyUrl": {
       "type": "api",
       "host": "gateway-stage-core.optum.com",
       "domain": "payment.integrity",             
       "sub-domain":"",
       "env":"test",
       "namespace": "",	   
       "resource":"",    
       "version":"v1"
    },
    "tags" : ["PI_API"],
    "override": {
	"autoMerge": true,
      "certificationCheck": true,
      "versionCheck": true,
      "pathSpecificityCheck": true,
      "timeoutCheck": true,
      "rootDomainCheck": true
	  }
}
}
