{
  "kind": "stargate-team",
  "spec": {
    "id": "b181c362-0b87-4f2f-8dcb-ad5d826bea76",
    "credentials": [
      {
        "env": "prod",
        "oauthClientId": "contactSLOForCredentials",
        "oauthClientSecret": "contactSLOForCredentials",
        "jwtKey": "contactSLOForCredentials",
        "jwtSecret": "contactSLOForCredentials"
      },
      {
        "env": "nonprod",
        "oauthClientId": "contactSLOForCredentials",
        "oauthClientSecret": "contactSLOForCredentials",
        "jwtKey": "contactSLOForCredentials",
        "jwtSecret": "contactSLOForCredentials"
      }
    ]
  },
  "metadata": {
    "namespace": "rpundhir.rest"
  }
}