{
  "kind": "stargate-namespace",
  "action": "create",
  "spec": {
    "id": "b8cfb536-340f-44fe-a1b8-e2bf1ce5adfb",
    "namespace": "clin.oam",
    "sloEmail": "CLINICAL_STARGATE_ADMIN_DL@ds.uhc.com",
    "teamEmailDL": "PAAN_SSMO_DL@ds.uhc.com",
    "askId": "UHGWM110-018829",
    "adGroup": "CLINICAL_STARGATE_API_ADMIN",
    "nonProdAdGroup": "CLINICAL_STARGATE_API_NONPRD"
  },
  "metadata": {
    "tags": [
      "This Namespace is for Clinical OAM, hosted services",
      "For non prod self-service of API's to host, please request access to Windows group: CLINICAL_STARGATE_API_NONPRD"
    ],
    "override": {
      "autoMerge": true
    }
  }
}