{
  "kind": "stargate-namespace",
  "action": "update",
  "spec": {
    "id": "bfa67d8a-2e8c-4e5f-abec-13169dff1423",
    "namespace": "clin.trackers",
    "sloEmail": "CLINICAL_STARGATE_ADMIN_DL@ds.uhc.com",
    "teamEmailDL": "icue_OM_DL@ds.uhc.com",
    "askId": "UHGWM110-020097",
    "adGroup": "CLINICAL_STARGATE_API_ADMIN",
    "nonProdAdGroup": "CLINICAL_STARGATE_API_NONPRD"
  },
  "metadata": {
    "tags": [
      "This Namespace is for Clinical Health Trackers, hosted services",
      "For non prod self-service of API's to host, please request access to Windows group: CLINICAL_STARGATE_API_NONPRD"
    ],
    "override": {
      "autoMerge": true
    }
  }
}