{
  "kind": "stargate-proxy",
  "action": "create",
  "spec": {
    "name": "ara.pi.api",
    "routeId": "",
    "serviceId": "",
    "url": "http://apvrp20338:3051/GetPortfolioInfo",
    "proxyUrl": "",
    "auth": {"type": "oauth2", "grant": "client_credentials"},
    "connectTimeout": 2000,
    "readTimeout": 9000,
    "writeTimeout": 9000,
    "mtlsUpstreamRouting": false,
    "authorizedConsumers": [
      "ARA_PI_API",
   
    ]
  }
  "metadata": {
    "namespace": "ARA_PI_API",
    "proxyUrl": {
       "type": "app",
       "host": "gateway-stage-core.optum.com",
       "domain": "payment.integrity",             
       "sub-domain":"ufwae",                 
       "appname":"sherlock",                   
       "env":"test",
       "resource":"sherlock_api",    
       "version":"v1"
    },
    "tags" : ["PI_API"],
    "override": {
	"autoMerge": true,
      "certificationCheck": true,
      "versionCheck": true,
      "pathSpecificityCheck": true,
      "timeoutCheck": true,
      "rootDomainCheck": true
	  }
}
