{
  "kind": "stargate-team",
  "spec": {
    "id": "69438978-35a7-49fb-ae77-a9d02f41a2ad",
    "credentials": [
      {
        "env": "prod",
        "oauthClientId": "contactSLOForCredentials",
        "oauthClientSecret": "contactSLOForCredentials",
        "jwtKey": "contactSLOForCredentials",
        "jwtSecret": "contactSLOForCredentials"
      },
      {
        "env": "nonprod",
        "oauthClientId": "contactSLOForCredentials",
        "oauthClientSecret": "contactSLOForCredentials",
        "jwtKey": "contactSLOForCredentials",
        "jwtSecret": "contactSLOForCredentials"
      }
    ]
  },
  "metadata": {
    "namespace": "acet"
  }
}