{
  "kind": "stargate-namespace",
  "action": "create",
  "spec": {
    "id": "42e94f2d-3bc2-43c6-9479-be408040aae7",
    "namespace": "clin.mlpa",
    "sloEmail": "CLINICAL_STARGATE_ADMIN_DL@ds.uhc.com",
    "teamEmailDL": "icue_OM_DL@ds.uhc.com",
    "askId": "UHGWM110-021882",
    "adGroup": "CLINICAL_STARGATE_API_ADMIN",
    "nonProdAdGroup": "CLINICAL_STARGATE_API_NONPRD"
  },
  "metadata": {
    "tags": [
      "This Namespace is for Clinical Machine Learning Prior Auth, supported internally by Clinical ICUE team",
      "For non prod self-service of API's to host, please request access to Windows group: CLINICAL_STARGATE_API_NONPRD"
    ],
    "override": {
      "autoMerge": true
    }
  }
}