<?xml version="1.0" encoding="UTF-8"?>
<!--
    Document   : SparkMapSql.xml
    Description: This document externalizes the definition of SQL statements used by the service layer classes.
-->
<hivemap>
<database dbManager="sherlock" >
<class name="org.uhc.sherlock.sna.implmentation">  	
<statement name="query1">create table sna_dm.837p_180_col as select * from 837p_180_col</statement>
<statement name="query2">drop table if exists sna_dm.prov_mbr</statement>
<statement name="query3">create table sna_dm.prov_mbr as select distinct(case when cast(Renderring_Provider_NPI as string)="" then cast(Billing_Provider_NPI as string) else cast(Renderring_Provider_NPI as string) end) as srvc_mpin, patient_f_name, patient_l_name,cast(subscriber_ssn as string) as ssn,patient_dob, input_file_dt from 837p_180_col</statement>
<statement name="query4">drop table if exists sna_dm.npi_taxo</statement>
<statement name="query5">create table sna_dm.npi_taxo as select (case when renderring_provider_npi=""  then Billing_Provider_NPI  else Renderring_Provider_NPI end) as srvc_mpin,max(billing_provider_taxonomy_code) as billing_provider_taxonomy_code   from sna_dm.837p_180_col group by (case when renderring_provider_npi=""  then Billing_Provider_NPI  else Renderring_Provider_NPI end )</statement>
<statement name="query6">drop table if exists sna_dm.test3</statement>
<statement name="query7">create table sna_dm.test3 as select (case when patient_relation_to_subscriber is null then (concat(subscriber_id,"|",subscriber_dob,"|",upper(subscriber_f_name))) else concat(subscriber_id,"|",patient_dob,"|",upper(patient_f_name)) end ) as mbr_id ,(case when Renderring_Provider_NPI="" then Billing_Provider_NPI else Renderring_Provider_NPI end) as srvc_mpin ,cosmos_clm_aud_nbr ,first_service_date as fst_srvc_dt ,last_service_date as lst_srvc_dt ,line_item_charge_amount ,count(*) as cnt from sna_dm.837p_180_col group by (case when patient_relation_to_subscriber is null then (concat(subscriber_id,"|",subscriber_dob,"|",upper(subscriber_f_name))) else concat(subscriber_id,"|",patient_dob,"|",upper(patient_f_name)) end ) ,(case when Renderring_Provider_NPI="" then Billing_Provider_NPI else Renderring_Provider_NPI end) ,cosmos_clm_aud_nbr,first_service_date,last_service_date,line_item_charge_amount</statement>
<statement name="query8">drop table if exists sna_dm.test4</statement>
<statement name="query9">create table sna_dm.test4 as select A.* from sna_dm.test3 A inner join sna_dm.Non_inst_NPI B on trim(A.srvc_mpin) = B.NPI</statement>
<statement name="query10">drop table if exists sna_dm.NDB_snap</statement>
<statement name="query11">create table sna_dm.NDB_snap as select A.nat_prov_id_nbr, A.prov_id, max(craw.flag) as instFlag,max(sp.spcl_typ_full_desc)  as spcl_typ_full_desc,max(AD.ST_CD) as ST_CD ,max(AD.ZIP_CD) as srvc_zip_cd, max(AD.adr_ln_1_txt) as adr_ln_1_txt,  max(AD.cty_nm) as cty_nm, max( N.tax_id_nbr) as tax_id_nbr, max(lst_nm)as lst_nm, max(fst_nm)as fst_nm, max(mdl_nm)as mdl_nm from NDB.Prov A  left join(select * from sna_dm.fwa_crawler1 where ndb_match_confidence ="Exact Match")as craw on A.prov_id=craw.mpin  left join ndb.PROV_SPCL P on A.prov_id=P.Prov_id  left join ndb.SPCL_TYP sp on P.SPCL_TYP_CD=sp.SPCL_TYP_CD  left join ndb.PROV_TIN_ADR N on A.prov_id=N.prov_id  left join ndb.ADR AD on N.ADR_ID=AD.ADR_ID  group by A.nat_prov_id_nbr, A.prov_id</statement>
<statement name="query12">drop table if exists SNA_DM.Sanctions_snap</statement>
<statement name="query13">create table SNA_DM.Sanctions_snap as select distinct sanc_npi,sanc_flag,sanc_rcvd_dte,sanc_sancdte,sanc_termed,sanc_updte from sanctions.sanctions where sanc_flag="Y" and sanc_npi &lt;&gt;""</statement>
<statement name="query14">drop table if exists Sna_dm.ODAR_SNAP</statement>
<statement name="query15">Create table sna_dm.odar_snap as Select clmnpinbr, sum(Debit) as total_Debit, sum(fraud_flag) as claim_count from (Select clmnpinbr, clmstatusid, clmid, Debit, Credit, case when clmcasenbruid is NULL then '0' ELSE '1' END as fraud_flag from (Select tsclmid, sum(case when trim(tscreditdebitflg)="D" then tstrnamt else 0 end) as Debit , sum(case when trim(tscreditdebitflg)="C" then tstrnamt else 0 end) as Credit from odar.tran where tstrntypeidt=1 group by tsclmid) a inner join odar.tbl_claimlineitem  on tsclmid=clmid where clmstatusid=2 or clmstatusid=3 and clmadddt&gt;date_sub(CURRENT_DATE,365) and clmnpinbr is not null and trim(clmnpinbr)!="" ) b group by clmnpinbr</statement>
<statement name="query16">drop table if exists sna_dm.MR_sna_PvdMbrAggr_all</statement>
<statement name="query17">create table sna_dm.MR_sna_PvdMbrAggr_all as select srvc_mpin,mbr_id,count(distinct cosmos_clm_aud_nbr) as clmCnt,min(trim(fst_srvc_dt)) as SrvcDateMin , max(trim(lst_srvc_dt)) as SrvcDateMax,(datediff(max(lst_srvc_dt),min(fst_srvc_dt))+1) as DaysCnt ,sum(line_item_charge_amount) as AllowedAmt, sum(line_item_charge_amount) as PaidAmt from sna_dm.test4 group by srvc_mpin, mbr_id</statement>
<statement name="query18">drop table if exists sna_dm.MR_sna_pvdAggr_all</statement>
<statement name="query19">create table sna_dm.MR_sna_pvdAggr_all as select srvc_mpin ,count(distinct cosmos_clm_aud_nbr) as clmCnt ,count(distinct mbr_id) as mbrCnt ,min(trim(fst_srvc_dt)) as SrvcDateMin ,max(trim(lst_srvc_dt)) as SrvcDateMax ,(datediff(max(lst_srvc_dt),min(fst_srvc_dt))+1) as DaysCnt ,sum(line_item_charge_amount) as AllowedAmt ,sum(line_item_charge_amount) as PaidAmt from sna_dm.test4 group by srvc_mpin</statement>
<statement name="query20">drop table if exists sna_dm.intg_all</statement>
<statement name="query21">create table sna_dm.intg_all as select * from sna_dm.test4 where trim(mbr_id) &lt;&gt; "9118772604||"</statement>
<statement name="query22">drop table if exists sna_dm.MR_sna_PvdMbrMapping_all</statement>
<statement name="query23">create table sna_dm.MR_sna_PvdMbrMapping_all as select a.srvc_mpin as srvc_mpin1 ,b.srvc_mpin as srvc_mpin2 ,a.mbr_id as Sharingmbr_id ,min(a.fst_srvc_dt) as from_date ,max(a.lst_srvc_dt) as to_date ,datediff(max(a.lst_srvc_dt),min(a.fst_srvc_dt))+1 dayscnt from sna_dm.intg_all a inner join sna_dm.intg_all b on a.mbr_id=b.mbr_id Where a.srvc_mpin &lt; b.srvc_mpin and a.fst_srvc_dt &gt;= date_sub(b.fst_srvc_dt,30) and a.fst_srvc_dt &lt;= date_add(b.fst_srvc_dt,30) group by a.srvc_mpin, b.srvc_mpin, a.mbr_id</statement>
<statement name="query24">drop table if exists sna_dm.MR_sna_PvdMbrMapping_all_t1</statement>
<statement name="query25">create table sna_dm.MR_sna_PvdMbrMapping_all_t1 as select srvc_mpin1, srvc_mpin2, Sharingmbr_id , from_date, to_date  , b.clmCnt as clmCnt1 , c.clmCnt as clmCnt2 , b.DaysCnt as DaysCnt1 , c.DaysCnt as DaysCnt2 , b.AllowedAmt as AllowedAmt1 , c.AllowedAmt as AllowedAmt2 , b.PaidAmt as PaidAmt1 , c.PaidAmt as PaidAmt2 , (b.clmCnt + c.clmCnt) as SharingClmCnt ,case when b.clmCnt &gt; c.clmCnt then c.clmCnt else b.clmCnt end as SharingClmCntMin , (b.DaysCnt + c.DaysCnt) as SharingDaysCnt , (b.AllowedAmt + c.AllowedAmt) as SharingAllowedAmt , (b.PaidAmt + c.PaidAmt) as SharingPaidAmt from sna_dm.MR_sna_PvdMbrMapping_all a left join sna_dm.MR_sna_PvdMbrAggr_all b on a.srvc_mpin1=b.srvc_mpin and a.Sharingmbr_id=b.mbr_id left join sna_dm.MR_sna_PvdMbrAggr_all c on a.srvc_mpin2=c.srvc_mpin and a.Sharingmbr_id=c.mbr_id</statement>
<statement name="query26">drop table if exists sna_dm.MR_sna_PvdMbrMapping_all_t2</statement>
<statement name="query27">create table sna_dm.MR_sna_PvdMbrMapping_all_t2 as select srvc_mpin1, srvc_mpin2 , count(distinct Sharingmbr_id) as SharingMbrCnt , min(from_date) as link_start_date, max(to_date) as link_end_date , sum(SharingClmCnt) as SharingClmCnt , sum(SharingClmCntMin) as SharingClmCntMin , sum(SharingDaysCnt) as SharingDaysCnt , sum(SharingAllowedAmt) as SharingAllowedAmt , sum(SharingPaidAmt) as SharingPaidAmt from sna_dm.MR_sna_PvdMbrMapping_all_t1 a group by srvc_mpin1, srvc_mpin2</statement>
<statement name="query28">drop table if exists sna_dm.MR_sna_PvdMapping:1</statement>
<statement name="query29">create table sna_dm.MR_sna_PvdMapping:1 as select a.* , b.mbrCnt as mbrCnt1, c.mbrCnt as mbrCnt2 , b.clmCnt as clmCnt1, c.clmCnt as clmCnt2 , b.DaysCnt as DaysCnt1, c.DaysCnt as DaysCnt2 , b.AllowedAmt as AllowedAmt1, c.AllowedAmt as AllowedAmt2 , b.PaidAmt as PaidAmt1, c.PaidAmt as PaidAmt2 , (2*SharingMbrCnt)/(b.mbrCnt+c.mbrCnt) as SharingMbrCntRatio , SharingClmCnt/(b.clmCnt+c.clmCnt) as SharingClmCntRatio , SharingDaysCnt/(b.DaysCnt+c.DaysCnt) as SharingDaysCntRatio , SharingAllowedAmt/(b.AllowedAmt+c.AllowedAmt) as SharingAllowedAmtRatio , SharingPaidAmt/(b.PaidAmt+c.PaidAmt) as SharingPaidAmtRatio , sqrt(SharingMbrCnt*SharingMbrCnt/(b.mbrCnt * c.mbrCnt)) as link_weight , sqrt(b.mbrCnt*c.mbrCnt) as denominator from sna_dm.MR_sna_PvdMbrMapping_all_t2 a left join sna_dm.MR_sna_pvdAggr_all b on a.srvc_mpin1=b.srvc_mpin left join sna_dm.MR_sna_pvdAggr_all c on a.srvc_mpin2=c.srvc_mpin order by SharingMbrCnt desc</statement>
<statement name="query30">drop table if exists sna_dm.link_wt</statement>
<statement name="query31">create table sna_dm.link_wt as select max(link_weight) as max_link_weight, min(link_weight ) as min_link_weight from sna_dm.MR_sna_PvdMapping:1</statement>
<statement name="query32">drop table if exists sna_dm.MR_sna_PvdMapping_1</statement>
<statement name="query33">create table sna_dm.MR_sna_PvdMapping_1 as select a.*,(a.SharingMbrCnt -b.min_link_weight)/(b.max_link_weight - b.min_link_weight) as link_weight_norm from sna_dm.MR_sna_PvdMapping:1 as a , sna_dm.link_wt as b</statement>
<statement name="query34">drop table if exists sna_dm.avg_wt</statement>
<statement name="query35">create table sna_dm.avg_wt as select avg(link_weight_norm) as mean_link_weight ,Percentile(cast(denominator as bigint),0.1) as smoothing_factor from sna_dm.MR_sna_PvdMapping_1</statement>
<statement name="query36">drop table if exists sna_dm.MR_sna_PvdMapping_2</statement>
<statement name="query37">create table sna_dm.MR_sna_PvdMapping_2 as select a.*, (b.mean_link_weight * b.smoothing_factor + SharingMbrCnt)/ ( b.smoothing_factor + sqrt(mbrCnt1*mbrCnt2)) as smoothed_link_weight from sna_dm.MR_sna_PvdMapping_1 as a , sna_dm.avg_wt as b</statement>
<statement name="query38">drop table if exists sna_dm.MRNetwork:1</statement>
<statement name="query39">create table sna_dm.MRNetwork:1 as  select srvc_mpin1 as from_node, srvc_mpin2 as to_node,smoothed_link_weight  from sna_dm.MR_sna_PvdMapping_2</statement>
<statement name="query40">drop table if exists sna_dm.inst</statement>
<statement name="query41">create table sna_dm.inst as select distinct a.srvc_mpin,1 as instFlag from sna_dm.MR_sna_PvdMbrAggr_all as a</statement>
<statement name="query42">drop table if exists sna_dm.demog</statement>
<statement name="query43">create table sna_dm.demog as select sna.srvc_mpin,max(NDB.instFlag) as instFlag, max(NDB.spcl_typ_full_desc) as spcl_typ_full_desc, max(NDB.ST_CD) as ST_CD , max(NDB.srvc_zip_cd) as srvc_zip_cd, max(NDB.adr_ln_1_txt) as adr_ln_1_txt,max(NDB.cty_nm) as cty_nm, max(NDB.tax_id_nbr) as tax_id_nbr, max(lst_nm)as lst_nm, max(fst_nm)as fst_nm, max(mdl_nm)as mdl_nm, max(B.MR_JAN13_DEC13_SCORE1) as MR_JAN13_DEC13_SCORE1,max(B.MR_JAN13_DEC13_MPIN_SCORE1) as MR_JAN13_DEC13_MPIN_SCORE1, max(C.CS_JAN13_DEC13_SCORE1) as CS_JAN13_DEC13_SCORE1,max(C.CS_JAN13_DEC13_MPIN_SCORE1) as CS_JAN13_DEC13_MPIN_SCORE1, max(D.EI_JAN13_DEC13_SCORE1) as EI_JAN13_DEC13_SCORE1,max(D.EI_JAN13_DEC13_MPIN_SCORE1) as EI_JAN13_DEC13_MPIN_SCORE1 from sna_dm.inst as sna left join sna_dm.NDB_snap as NDB on sna.srvc_mpin=NDB.nat_prov_id_nbr left join sna_dm.truefraudscore_mr_1 b on NDB.prov_id=b.NPI left join sna_dm.truefraudscore_cs_1 c on NDB.prov_id=c.NPI left join sna_dm.truefraudscore_ei_1 d on NDB.prov_id=d.NPI group by sna.srvc_mpin</statement>
<statement name="query44">drop table if exists sna_dm.tscore</statement>
<statement name="query45">create table sna_dm.tscore as select a.srvc_mpin,a.instFlag,a.spcl_typ_full_desc,a.ST_CD,a.srvc_zip_cd,a.adr_ln_1_txt,a.cty_nm,a.tax_id_nbr,C.claim_count as ODAR_count, D.sanc_flag,E.billing_provider_taxonomy_code, a.MR_JAN13_DEC13_MPIN_SCORE1, a.EI_JAN13_DEC13_MPIN_SCORE1,a.CS_JAN13_DEC13_MPIN_SCORE1,a.lst_nm, a.fst_nm, a.mdl_nm,C.total_Debit from sna_dm.demog A  left join sna_dm.ODAR_Snap C on A.srvc_mpin =C.clmnpinbr left join (select sanc_npi,max(sanc_flag)as sanc_flag from sna_dm.Sanctions_snap group by sanc_npi) D on A.srvc_mpin = D.sanc_npi left join sna_dm.npi_taxo E on A.srvc_mpin = E.srvc_mpin</statement>
<statement name="query46">drop table if exists sna_dm.MRProviderList:1</statement>
<statement name="query47">create table sna_dm.MRProviderList:1 as select concat("P",cast(substr((row_number()over(order by 1)+100000000),2,8) as string) ) as providerid , case when spcl_typ_full_desc is NULL then "Not Available" else spcl_typ_full_desc end as spcl_typ_full_desc , case when ST_CD is NULL then "Not Available" else ST_CD end as ST_CD , case when adr_ln_1_txt is NULL then "Not Available" else adr_ln_1_txt end as adr_ln_1_txt , case when cty_nm is NULL then "Not Available" else cty_nm end as cty_nm , case when tax_id_nbr is NULL then "Not Available" else tax_id_nbr end as tax_id_nbr , case when srvc_zip_cd is NULL then "Not Available" else srvc_zip_cd end as srvc_zip_cd , case when lst_nm is NULL then "Not Available" else lst_nm end as lst_nm , case when fst_nm is NULL then "Not Available" else fst_nm end as fst_nm , case when mdl_nm is NULL then "Not Available" else mdl_nm end as mdl_nm , case when instFlag is NULL then 0 else "1" end as instFlag , case when sanc_flag is NULL then "0" else "1" end as sanctionFlag , case when ODAR_count is NULL then "0" else "1" end as OdarFraudFlag , case when total_Debit is NULL then "0" else "1" end as OdarOverpaymentFlag , "0" as BillAfterDeceasedFlag , case when EI_JAN13_DEC13_MPIN_SCORE1 is NULL then 0 else EI_JAN13_DEC13_MPIN_SCORE1 end as truefraudscore_ei , case when CS_JAN13_DEC13_MPIN_SCORE1 is NULL then 0 else CS_JAN13_DEC13_MPIN_SCORE1 end as truefraudscore_cs , case when MR_JAN13_DEC13_MPIN_SCORE1 is NULL then 0 else MR_JAN13_DEC13_MPIN_SCORE1 end as truefraudscore_mr , "0" as Suspicion_score ,case when (trim(billing_provider_taxonomy_code) IS NULL OR trim(billing_provider_taxonomy_code) ="" ) then "000000000X" else billing_provider_taxonomy_code end as billing_provider_taxonomy_code, srvc_mpin as npi  from sna_dm.tscore order by providerid</statement>
<statement name="query48">drop table if exists sna_dm.deidentified_prov_map:1</statement>
<statement name="query49">create table sna_dm.deidentified_prov_map:1 ROW FORMAT DELIMITED FIELDS TERMINATED BY ":2 " TBLPROPERTIES("serialization.null.format"="NULL")  as select providerid from sna_dm.MRProviderList:1</statement>
<statement name="query50">drop table if exists sna_dm.MRProviderList_Sotera</statement>
<statement name="query51">create table sna_dm.MRProviderList_Sotera ROW FORMAT DELIMITED FIELDS TERMINATED BY ":2 " TBLPROPERTIES("serialization.null.format"="NULL")  as select providerid,spcl_typ_full_desc,ST_CD,srvc_zip_cd,instFlag,sanctionFlag,OdarFraudFlag,OdarOverpaymentFlag,BillAfterDeceasedFlag,truefraudscore_ei,truefraudscore_cs ,truefraudscore_mr,Suspicion_score,billing_provider_taxonomy_code,npi from sna_dm.MRProviderList:1  order by providerid</statement>
<statement name="query52">drop table if exists sna_dm.MRNetwork_Sotera</statement>
<statement name="query53">create table sna_dm.MRNetwork_Sotera ROW FORMAT DELIMITED FIELDS TERMINATED BY ":2" TBLPROPERTIES("serialization.null.format"="NULL") as  select b.providerid as from_node,c.providerid as to_node,a.smoothed_link_weight from sna_dm.MRNetwork:1  as a  join sna_dm.MRProviderList:1 as b on b.npi=a.from_node join sna_dm.MRProviderList:1  as c  on c.npi=a.to_node</statement>
</class>
</database> 
</hivemap>
