{
  "kind": "stargate-namespace",
  "action": "create",
  "spec": {
    "id": "e6f80517-1b56-4885-b00c-eaa6c0110416",
    "namespace": "clin.emrpa",
    "sloEmail": "CLINICAL_STARGATE_ADMIN_DL@ds.uhc.com",
    "teamEmailDL": "icue_OM_DL@ds.uhc.com",
    "askId": "UHGWM110-022333",
    "adGroup": "CLINICAL_STARGATE_API_ADMIN",
    "nonProdAdGroup": "CLINICAL_STARGATE_API_NONPRD"
  },
  "metadata": {
    "tags": [
      "This Namespace is for Clinical EMR PA, hosted services",
      "For non prod self-service of API's to host, please request access to Windows group: CLINICAL_STARGATE_API_NONPRD"
    ],
    "override": {
      "autoMerge": true
    }
  }
}