{
  "kind": "stargate-namespace",
  "action": "update",
  "spec": {
    "id": "0bf059ff-11f0-4bad-8435-e5a99baf4a7b",
    "namespace": "clin.paan",
    "sloEmail": "CLINICAL_STARGATE_ADMIN_DL@ds.uhc.com",
    "teamEmailDL": "PAAN_SSMO_DL@ds.uhc.com",
    "askId": "UHGWM110-017817",
    "adGroup": "CLINICAL_STARGATE_API_ADMIN",
    "nonProdAdGroup": "CLINICAL_STARGATE_API_NONPRD"
  },
  "metadata": {
    "tags": [
      "This Namespace is for Clinical PAAN, hosted services",
      "For non prod self-service of API's to host, please request access to Windows group: CLINICAL_STARGATE_API_NONPRD"
    ],
    "override": {
      "autoMerge": true
    }
  }
}