{
  "kind": "stargate-namespace",
  "action": "update",
  "spec": {
    "id": "ec556fac-9701-4f54-b1ee-939dda5767ae",
    "namespace": "clin.icue",
    "sloEmail": "CLINICAL_STARGATE_ADMIN_DL@ds.uhc.com",
    "teamEmailDL": "icue_OM_DL@ds.uhc.com",
    "askId": "UHGWM110-000807",
    "adGroup": "CLINICAL_STARGATE_API_ADMIN",
    "nonProdAdGroup": "CLINICAL_STARGATE_API_NONPRD"
  },
  "metadata": {
    "tags": [
      "This Namespace is for Clinical ICUE, hosted services",
      "For non prod self-service of API's to host, please request access to Windows group: CLINICAL_STARGATE_API_NONPRD",
      "create pull from intelliJ, new"
    ],
    "override": {
      "autoMerge": true
    }
  }
}