{
  "kind": "stargate-namespace",
  "action": "create",
  "spec": {
    "id": "e53b2759-6bd5-45a8-9184-ab7e43fa6e14",
    "namespace": "clin.cup.ref",
    "sloEmail": "CLINICAL_STARGATE_ADMIN_DL@ds.uhc.com",
    "teamEmailDL": "icue_OM_DL@ds.uhc.com",
    "askId": "UHGWM110-021582",
    "adGroup": "CLINICAL_STARGATE_API_ADMIN",
    "nonProdAdGroup": "CLINICAL_STARGATE_API_NONPRD"
  },
  "metadata": {
    "tags": [
      "This Namespace is for Clinical cup-ref-api, hosted services",
      "For non prod self-service of API's to host, please request access to Windows group: CLINICAL_STARGATE_API_NONPRD"
    ],
    "override": {
      "autoMerge": true
    }
  }
}