{
  "kind": "stargate-team",
  "spec": {
    "id": "8ad63d95-851b-4169-a519-2c362d249307",
    "credentials": [
      {
        "env": "prod",
        "oauthClientId": "contactSLOForCredentials",
        "oauthClientSecret": "contactSLOForCredentials",
        "jwtKey": "contactSLOForCredentials",
        "jwtSecret": "contactSLOForCredentials"
      },
      {
        "env": "nonprod",
        "oauthClientId": "contactSLOForCredentials",
        "oauthClientSecret": "contactSLOForCredentials",
        "jwtKey": "contactSLOForCredentials",
        "jwtSecret": "contactSLOForCredentials"
      }
    ]
  },
  "metadata": {
    "namespace": "bxm"
  }
}