{
  "kind": "stargate-namespace",
  "action": "create",
  "spec": {
    "id": "da7c4978-a822-49c7-954f-80bc1820159c",
    "namespace": "clin.icue.oth",
    "sloEmail": "CLINICAL_STARGATE_ADMIN_DL@ds.uhc.com",
    "teamEmailDL": "icue_OM_DL@ds.uhc.com",
    "askId": "UHGWM110-000807",
    "adGroup": "CLINICAL_STARGATE_API_ADMIN",
    "nonProdAdGroup": "CLINICAL_STARGATE_API_NONPRD"
  },
  "metadata": {
    "tags": [
      "This Namespace is for OTH - Optum Tele Health - Vendor, to give them access to ICUE hosted service API's and supported internally by Clinical ICUE team",
      "For non prod self-service of API's to host, please request access to Windows group: CLINICAL_STARGATE_API_NONPRD"
    ],
    "override": {
      "autoMerge": true
    }
  }
}